{ "countries" : [
  {
                 "lat" : "12.5",
                 "lng" : "-69.96666666",
                 "name" : "Aruba"
  },
  {
  
                 "lat" : "33",
                 "lng" : "65",
                 "name": "Afghanistan",
  },
  {
                 "lat": "-12.5",
                 "lng" : "18.5",
                 "name": "Angola",
  },
  {
                 "lat" : "18.25",
                 "lng" : "-63.16666666",
                 "name": "Anguilla"
  },
  {
                 "lat" : "60.116667",
                 "lng" : "19.9",
                 "name": "\u00c5land Islands"
  },
  {
                 "lat" : "41",
                 "lng" : "20",
                 "name": "Albania"
  },
  {
                 "lat" : "42.5",
                 "lng" : "1.5",
                 "name": "Andorra"
  },
  {
                 "lat" : "24",
                 "lng" : "54",
                 "name": "United Arab Emirates"
  },
  {
                 "lat" : "-34",
                 "lng" : "-64",
                 "name": "Argentina"
  },
  {
                 "lat" : "40",
                 "lng" : "45",
                 "name": "Armenia"
  },
  {
                 "lat" : "-14.33333333",
                 "lng" : "-170",
                 "name": "American Samoa"
  },
  {
                 "lat" : "-90",
                 "lng" : "0",
                 "name": "Antarctica"
  },
  {
                 "lat" : "-49.25",
                 "lng" : "69.167",
                 "name": "French Southern and Antarctic Lands"
  },
  {
                 "lat" : "17.05",
                 "lng" : "-61.8",
                 "name": "Antigua and Barbuda"
  },
  {
                 "lat" : "-27",
                 "lng" : "133",
                 "name": "Australia"
  },
  {
                 "lat" : "47.33333333",
                 "lng" : "13.33333333",
                 "name": "Austria"
  },
  {
                 "lat" : "40.5",
                 "lng" : "47.5",
                 "name": "Azerbaijan"
  },
  {
                 "lat" : "-3.5",
                 "lng" : "30",
                 "name": "Burundi"
  },
  {
                 "lat" : "50.83333333",
                 "lng" : "4",
                 "name": "Belgium"

  },
  {
                 "lat" : "9.5",
                 "lng" : "2.25",
                 "name": "Benin"
  },
  {
                 "lat" : "13",
                 "lng" : "-2",
                 "name": "Burkina Faso"
  },
  {
                 "lat" : "24",
                 "lng" : "90",
                 "name": "Bangladesh"
  },
  {
                 "lat" : "43",
                 "lng" : "25",
                 "name": "Bulgaria"
  },
  {
                 "lat" : "26",
                 "lng" : "50.55",
                 "name": "Bahrain"
  },
  {
                 "lat" : "24.25",
                 "lng" : "-76",
                 "name": "Bahamas"
  },
  {

  "latlng": [
             44,
             18
             ],
  "name": "Bosnia and Herzegovina",
  "country_code": "BA",
  "capital": "Sarajevo"
  },
  {

  "latlng": [
             18.5,
             -63.41666666
             ],
  "name": "Saint Barth\u00e9lemy",
  "country_code": "BL",
  "capital": "Gustavia"
  },
  {

  "latlng": [
             53,
             28
             ],
  "name": "Belarus",
  "country_code": "BY",
  "capital": "Minsk"
  },
  {

  "latlng": [
             17.25,
             -88.75
             ],
  "name": "Belize",
  "country_code": "BZ",
  "capital": "Belmopan"
  },
  {

  "latlng": [
             32.33333333,
             -64.75
             ],
  "name": "Bermuda",
  "country_code": "BM",
  "capital": "Hamilton"
  },
  {

  "latlng": [
             -17,
             -65
             ],
  "name": "Bolivia",
  "country_code": "BO",
  "capital": "Sucre"
  },
  {

  "latlng": [
             -10,
             -55
             ],
  "name": "Brazil",
  "country_code": "BR",
  "capital": "Bras\u00edlia"
  },
  {

  "latlng": [
             13.16666666,
             -59.53333333
             ],
  "name": "Barbados",
  "country_code": "BB",
  "capital": "Bridgetown"
  },
  {

  "latlng": [
             4.5,
             114.66666666
             ],
  "name": "Brunei",
  "country_code": "BN",
  "capital": "Bandar Seri Begawan"
  },
  {

  "latlng": [
             27.5,
             90.5
             ],
  "name": "Bhutan",
  "country_code": "BT",
  "capital": "Thimphu"
  },
  {

  "latlng": [
             -54.43333333,
             3.4
             ],
  "name": "Bouvet Island",
  "country_code": "BV",
  "capital": null
  },
  {

  "latlng": [
             -22,
             24
             ],
  "name": "Botswana",
  "country_code": "BW",
  "capital": "Gaborone"
  },
  {

  "latlng": [
             7,
             21
             ],
  "name": "Central African Republic",
  "country_code": "CF",
  "capital": "Bangui"
  },
  {

  "latlng": [
             60,
             -95
             ],
  "name": "Canada",
  "country_code": "CA",
  "capital": "Ottawa"
  },
  {

  "latlng": [
             -12.5,
             96.83333333
             ],
  "name": "Cocos (Keeling) Islands",
  "country_code": "CC",
  "capital": "West Island"
  },
  {

  "latlng": [
             47,
             8
             ],
  "name": "Switzerland",
  "country_code": "CH",
  "capital": "Bern"
  },
  {

  "latlng": [
             -30,
             -71
             ],
  "name": "Chile",
  "country_code": "CL",
  "capital": "Santiago"
  },
  {

  "latlng": [
             35,
             105
             ],
  "name": "China",
  "country_code": "CN",
  "capital": "Beijing"
  },
  {

  "latlng": [
             8,
             -5
             ],
  "name": "Ivory Coast",
  "country_code": "CI",
  "capital": "Yamoussoukro"
  },
  {

  "latlng": [
             6,
             12
             ],
  "name": "Cameroon",
  "country_code": "CM",
  "capital": "Yaound\u00e9"
  },
  {

  "latlng": [
             0,
             25
             ],
  "name": "DR Congo",
  "country_code": "CD",
  "capital": "Kinshasa"
  },
  {

  "latlng": [
             -1,
             15
             ],
  "name": "Republic of the Congo",
  "country_code": "CG",
  "capital": "Brazzaville"
  },
  {

  "latlng": [
             -21.23333333,
             -159.76666666
             ],
  "name": "Cook Islands",
  "country_code": "CK",
  "capital": "Avarua"
  },
  {

  "latlng": [
             4,
             -72
             ],
  "name": "Colombia",
  "country_code": "CO",
  "capital": "Bogot\u00e1"
  },
  {

  "latlng": [
             -12.16666666,
             44.25
             ],
  "name": "Comoros",
  "country_code": "KM",
  "capital": "Moroni"
  },
  {

  "latlng": [
             16,
             -24
             ],
  "name": "Cape Verde",
  "country_code": "CV",
  "capital": "Praia"
  },
  {

  "latlng": [
             10,
             -84
             ],
  "name": "Costa Rica",
  "country_code": "CR",
  "capital": "San Jos\u00e9"
  },
  {

  "latlng": [
             21.5,
             -80
             ],
  "name": "Cuba",
  "country_code": "CU",
  "capital": "Havana"
  },
  {

  "latlng": [
             12.116667,
             -68.933333
             ],
  "name": "Cura\u00e7ao",
  "country_code": "CW",
  "capital": "Willemstad"
  },
  {

  "latlng": [
             -10.5,
             105.66666666
             ],
  "name": "Christmas Island",
  "country_code": "CX",
  "capital": "Flying Fish Cove"
  },
  {

  "latlng": [
             19.5,
             -80.5
             ],
  "name": "Cayman Islands",
  "country_code": "KY",
  "capital": "George Town"
  },
  {

  "latlng": [
             35,
             33
             ],
  "name": "Cyprus",
  "country_code": "CY",
  "capital": "Nicosia"
  },
  {

  "latlng": [
             49.75,
             15.5
             ],
  "name": "Czech Republic",
  "country_code": "CZ",
  "capital": "Prague"
  },
  {

  "latlng": [
             51,
             9
             ],
  "name": "Germany",
  "country_code": "DE",
  "capital": "Berlin"
  },
  {

  "latlng": [
             11.5,
             43
             ],
  "name": "Djibouti",
  "country_code": "DJ",
  "capital": "Djibouti"
  },
  {

  "latlng": [
             15.41666666,
             -61.33333333
             ],
  "name": "Dominica",
  "country_code": "DM",
  "capital": "Roseau"
  },
  {

  "latlng": [
             56,
             10
             ],
  "name": "Denmark",
  "country_code": "DK",
  "capital": "Copenhagen"
  },
  {

  "latlng": [
             19,
             -70.66666666
             ],
  "name": "Dominican Republic",
  "country_code": "DO",
  "capital": "Santo Domingo"
  },
  {

  "latlng": [
             28,
             3
             ],
  "name": "Algeria",
  "country_code": "DZ",
  "capital": "Algiers"
  },
  {

  "latlng": [
             -2,
             -77.5
             ],
  "name": "Ecuador",
  "country_code": "EC",
  "capital": "Quito"
  },
  {

  "latlng": [
             27,
             30
             ],
  "name": "Egypt",
  "country_code": "EG",
  "capital": "Cairo"
  },
  {

  "latlng": [
             15,
             39
             ],
  "name": "Eritrea",
  "country_code": "ER",
  "capital": "Asmara"
  },
  {

  "latlng": [
             24.5,
             -13
             ],
  "name": "Western Sahara",
  "country_code": "EH",
  "capital": "El Aai\u00fan"
  },
  {

  "latlng": [
             40,
             -4
             ],
  "name": "Spain",
  "country_code": "ES",
  "capital": "Madrid"
  },
  {
 
  "latlng": [
             59,
             26
             ],
  "name": "Estonia",
  "country_code": "EE",
  "capital": "Tallinn"
  },
  {

  "latlng": [
             8,
             38
             ],
  "name": "Ethiopia",
  "country_code": "ET",
  "capital": "Addis Ababa"
  },
  {

  "latlng": [
             64,
             26
             ],
  "name": "Finland",
  "country_code": "FI",
  "capital": "Helsinki"
  },
  {

  "latlng": [
             -18,
             175
             ],
  "name": "Fiji",
  "country_code": "FJ",
  "capital": "Suva"
  },
  {

  "latlng": [
             -51.75,
             -59
             ],
  "name": "Falkland Islands",
  "country_code": "FK",
  "capital": "Stanley"
  },
  {

  "latlng": [
             46,
             2
             ],
  "name": "France",
  "country_code": "FR",
  "capital": "Paris"
  },
  {

  "latlng": [
             62,
             -7
             ],
  "name": "Faroe Islands",
  "country_code": "FO",
  "capital": "T\u00f3rshavn"
  },
  {

  "latlng": [
             6.91666666,
             158.25
             ],
  "name": "Micronesia",
  "country_code": "FM",
  "capital": "Palikir"
  },
  {

  "latlng": [
             -1,
             11.75
             ],
  "name": "Gabon",
  "country_code": "GA",
  "capital": "Libreville"
  },
  {

  "latlng": [
             54,
             -2
             ],
  "name": "United Kingdom",
  "country_code": "GB",
  "capital": "London"
  },
  {

  "latlng": [
             42,
             43.5
             ],
  "name": "Georgia",
  "country_code": "GE",
  "capital": "Tbilisi"
  },
  {

  "latlng": [
             49.46666666,
             -2.58333333
             ],
  "name": "Guernsey",
  "country_code": "GG",
  "capital": "St. Peter Port"
  },
  {

  "latlng": [
             8,
             -2
             ],
  "name": "Ghana",
  "country_code": "GH",
  "capital": "Accra"
  },
  {

  "latlng": [
             36.13333333,
             -5.35
             ],
  "name": "Gibraltar",
  "country_code": "GI",
  "capital": "Gibraltar"
  },
  {

  "latlng": [
             11,
             -10
             ],
  "name": "Guinea",
  "country_code": "GN",
  "capital": "Conakry"
  },
  {

  "latlng": [
             16.25,
             -61.583333
             ],
  "name": "Guadeloupe",
  "country_code": "GP",
  "capital": "Basse-Terre"
  },
  {

  "latlng": [
             13.46666666,
             -16.56666666
             ],
  "name": "Gambia",
  "country_code": "GM",
  "capital": "Banjul"
  },
  {

  "latlng": [
             12,
             -15
             ],
  "name": "Guinea-Bissau",
  "country_code": "GW",
  "capital": "Bissau"
  },
  {

  "latlng": [
             2,
             10
             ],
  "name": "Equatorial Guinea",
  "country_code": "GQ",
  "capital": "Malabo"
  },
  {

  "latlng": [
             39,
             22
             ],
  "name": "Greece",
  "country_code": "GR",
  "capital": "Athens"
  },
  {

  "latlng": [
             12.11666666,
             -61.66666666
             ],
  "name": "Grenada",
  "country_code": "GD",
  "capital": "St. George's"
  },
  {

  "latlng": [
             72,
             -40
             ],
  "name": "Greenland",
  "country_code": "GL",
  "capital": "Nuuk"
  },
  {

  "latlng": [
             15.5,
             -90.25
             ],
  "name": "Guatemala",
  "country_code": "GT",
  "capital": "Guatemala City"
  },
  {

  "latlng": [
             4,
             -53
             ],
  "name": "French Guiana",
  "country_code": "GF",
  "capital": "Cayenne"
  },
  {

  "latlng": [
             13.46666666,
             144.78333333
             ],
  "name": "Guam",
  "country_code": "GU",
  "capital": "Hag\u00e5t\u00f1a"
  },
  {

  "latlng": [
             5,
             -59
             ],
  "name": "Guyana",
  "country_code": "GY",
  "capital": "Georgetown"
  },
  {

  "latlng": [
             22.267,
             114.188
             ],
  "name": "Hong Kong",
  "country_code": "HK",
  "capital": "City of Victoria"
  },
  {

  "latlng": [
             15,
             -86.5
             ],
  "name": "Honduras",
  "country_code": "HN",
  "capital": "Tegucigalpa"
  },
  {
 
  "latlng": [
             45.16666666,
             15.5
             ],
  "name": "Croatia",
  "country_code": "HR",
  "capital": "Zagreb"
  },
  {

  "latlng": [
             19,
             -72.41666666
             ],
  "name": "Haiti",
  "country_code": "HT",
  "capital": "Port-au-Prince"
  },
  {

  "latlng": [
             47,
             20
             ],
  "name": "Hungary",
  "country_code": "HU",
  "capital": "Budapest"
  },
  {

  "latlng": [
             -5,
             120
             ],
  "name": "Indonesia",
  "country_code": "ID",
  "capital": "Jakarta"
  },
  {

  "latlng": [
             54.25,
             -4.5
             ],
  "name": "Isle of Man",
  "country_code": "IM",
  "capital": "Douglas"
  },
  {

  "latlng": [
             20,
             77
             ],
  "name": "India",
  "country_code": "IN",
  "capital": "New Delhi"
  },
  {
 
  "latlng": [
             -6,
             71.5
             ],
  "name": "British Indian Ocean Territory",
  "country_code": "IO",
  "capital": "Diego Garcia"
  },
  {

  "latlng": [
             53,
             -8
             ],
  "name": "Ireland",
  "country_code": "IE",
  "capital": "Dublin"
  },
  {

  "latlng": [
             32,
             53
             ],
  "name": "Iran",
  "country_code": "IR",
  "capital": "Tehran"
  },
  {

  "latlng": [
             33,
             44
             ],
  "name": "Iraq",
  "country_code": "IQ",
  "capital": "Baghdad"
  },
  {

  "latlng": [
             65,
             -18
             ],
  "name": "Iceland",
  "country_code": "IS",
  "capital": "Reykjavik"
  },
  {

  "latlng": [
             31.47,
             35.13
             ],
  "name": "Israel",
  "country_code": "IL",
  "capital": "Jerusalem"
  },
  {

  "latlng": [
             42.83333333,
             12.83333333
             ],
  "name": "Italy",
  "country_code": "IT",
  "capital": "Rome"
  },
  {

  "latlng": [
             18.25,
             -77.5
             ],
  "name": "Jamaica",
  "country_code": "JM",
  "capital": "Kingston"
  },
  {

  "latlng": [
             49.25,
             -2.16666666
             ],
  "name": "Jersey",
  "country_code": "JE",
  "capital": "Saint Helier"
  },
  {

  "latlng": [
             31,
             36
             ],
  "name": "Jordan",
  "country_code": "JO",
  "capital": "Amman"
  },
  {

  "latlng": [
             36,
             138
             ],
  "name": "Japan",
  "country_code": "JP",
  "capital": "Tokyo"
  },
  {

  "latlng": [
             48,
             68
             ],
  "name": "Kazakhstan",
  "country_code": "KZ",
  "capital": "Astana"
  },
  {

  "latlng": [
             1,
             38
             ],
  "name": "Kenya",
  "country_code": "KE",
  "capital": "Nairobi"
  },
  {
 
  "latlng": [
             41,
             75
             ],
  "name": "Kyrgyzstan",
  "country_code": "KG",
  "capital": "Bishkek"
  },
  {

  "latlng": [
             13,
             105
             ],
  "name": "Cambodia",
  "country_code": "KH",
  "capital": "Phnom Penh"
  },
  {

  "latlng": [
             1.41666666,
             173
             ],
  "name": "Kiribati",
  "country_code": "KI",
  "capital": "South Tarawa"
  },
  {

  "latlng": [
             17.33333333,
             -62.75
             ],
  "name": "Saint Kitts and Nevis",
  "country_code": "KN",
  "capital": "Basseterre"
  },
  {

  "latlng": [
             37,
             127.5
             ],
  "name": "South Korea",
  "country_code": "KR",
  "capital": "Seoul"
  },
  {

  "latlng": [
             42.666667,
             21.166667
             ],
  "name": "Kosovo",
  "country_code": "XK",
  "capital": "Pristina"
  },
  {

  "latlng": [
             29.5,
             45.75
             ],
  "name": "Kuwait",
  "country_code": "KW",
  "capital": "Kuwait City"
  },
  {

  "latlng": [
             18,
             105
             ],
  "name": "Laos",
  "country_code": "LA",
  "capital": "Vientiane"
  },
  {

  "latlng": [
             33.83333333,
             35.83333333
             ],
  "name": "Lebanon",
  "country_code": "LB",
  "capital": "Beirut"
  },
  {

  "latlng": [
             6.5,
             -9.5
             ],
  "name": "Liberia",
  "country_code": "LR",
  "capital": "Monrovia"
  },
  {

  "latlng": [
             25,
             17
             ],
  "name": "Libya",
  "country_code": "LY",
  "capital": "Tripoli"
  },
  {

  "latlng": [
             13.88333333,
             -60.96666666
             ],
  "name": "Saint Lucia",
  "country_code": "LC",
  "capital": "Castries"
  },
  {

  "latlng": [
             47.26666666,
             9.53333333
             ],
  "name": "Liechtenstein",
  "country_code": "LI",
  "capital": "Vaduz"
  },
  {

  "latlng": [
             7,
             81
             ],
  "name": "Sri Lanka",
  "country_code": "LK",
  "capital": "Colombo"
  },
  {

  "latlng": [
             -29.5,
             28.5
             ],
  "name": "Lesotho",
  "country_code": "LS",
  "capital": "Maseru"
  },
  {

  "latlng": [
             56,
             24
             ],
  "name": "Lithuania",
  "country_code": "LT",
  "capital": "Vilnius"
  },
  {

  "latlng": [
             49.75,
             6.16666666
             ],
  "name": "Luxembourg",
  "country_code": "LU",
  "capital": "Luxembourg"
  },
  {

  "latlng": [
             57,
             25
             ],
  "name": "Latvia",
  "country_code": "LV",
  "capital": "Riga"
  },
  {

  "latlng": [
             22.16666666,
             113.55
             ],
  "name": "Macau",
  "country_code": "MO",
  "capital": null
  },
  {
 
  "latlng": [
             18.08333333,
             -63.95
             ],
  "name": "Saint Martin",
  "country_code": "MF",
  "capital": "Marigot"
  },
  {

  "latlng": [
             32,
             -5
             ],
  "name": "Morocco",
  "country_code": "MA",
  "capital": "Rabat"
  },
  {

  "latlng": [
             43.73333333,
             7.4
             ],
  "name": "Monaco",
  "country_code": "MC",
  "capital": "Monaco"
  },
  {

  "latlng": [
             47,
             29
             ],
  "name": "Moldova",
  "country_code": "MD",
  "capital": "Chi\u0219in\u0103u"
  },
  {

  "latlng": [
             -20,
             47
             ],
  "name": "Madagascar",
  "country_code": "MG",
  "capital": "Antananarivo"
  },
  {

  "latlng": [
             3.25,
             73
             ],
  "name": "Maldives",
  "country_code": "MV",
  "capital": "Mal\u00e9"
  },
  {

  "latlng": [
             23,
             -102
             ],
  "name": "Mexico",
  "country_code": "MX",
  "capital": "Mexico City"
  },
  {

  "latlng": [
             9,
             168
             ],
  "name": "Marshall Islands",
  "country_code": "MH",
  "capital": "Majuro"
  },
  {

  "latlng": [
             41.83333333,
             22
             ],
  "name": "Macedonia",
  "country_code": "MK",
  "capital": "Skopje"
  },
  {
 
  "latlng": [
             17,
             -4
             ],
  "name": "Mali",
  "country_code": "ML",
  "capital": "Bamako"
  },
  {

  "latlng": [
             35.83333333,
             14.58333333
             ],
  "name": "Malta",
  "country_code": "MT",
  "capital": "Valletta"
  },
  {

  "latlng": [
             22,
             98
             ],
  "name": "Myanmar",
  "country_code": "MM",
  "capital": "Naypyidaw"
  },
  {

  "latlng": [
             42.5,
             19.3
             ],
  "name": "Montenegro",
  "country_code": "ME",
  "capital": "Podgorica"
  },
  {

  "latlng": [
             46,
             105
             ],
  "name": "Mongolia",
  "country_code": "MN",
  "capital": "Ulan Bator"
  },
  {

  "latlng": [
             15.2,
             145.75
             ],
  "name": "Northern Mariana Islands",
  "country_code": "MP",
  "capital": "Saipan"
  },
  {

  "latlng": [
             -18.25,
             35
             ],
  "name": "Mozambique",
  "country_code": "MZ",
  "capital": "Maputo"
  },
  {

  "latlng": [
             20,
             -12
             ],
  "name": "Mauritania",
  "country_code": "MR",
  "capital": "Nouakchott"
  },
  {

  "latlng": [
             16.75,
             -62.2
             ],
  "name": "Montserrat",
  "country_code": "MS",
  "capital": "Plymouth"
  },
  {

  "latlng": [
             14.666667,
             -61
             ],
  "name": "Martinique",
  "country_code": "MQ",
  "capital": "Fort-de-France"
  },
  {

  "latlng": [
             -20.28333333,
             57.55
             ],
  "name": "Mauritius",
  "country_code": "MU",
  "capital": "Port Louis"
  },
  {

  "latlng": [
             -13.5,
             34
             ],
  "name": "Malawi",
  "country_code": "MW",
  "capital": "Lilongwe"
  },
  {

  "latlng": [
             2.5,
             112.5
             ],
  "name": "Malaysia",
  "country_code": "MY",
  "capital": "Kuala Lumpur"
  },
  {

  "latlng": [
             -12.83333333,
             45.16666666
             ],
  "name": "Mayotte",
  "country_code": "YT",
  "capital": "Mamoudzou"
  },
  {

  "latlng": [
             -22,
             17
             ],
  "name": "Namibia",
  "country_code": "NA",
  "capital": "Windhoek"
  },
  {

  "latlng": [
             -21.5,
             165.5
             ],
  "name": "New Caledonia",
  "country_code": "NC",
  "capital": "Noum\u00e9a"
  },
  {

  "latlng": [
             16,
             8
             ],
  "name": "Niger",
  "country_code": "NE",
  "capital": "Niamey"
  },
  {

  "latlng": [
             -29.03333333,
             167.95
             ],
  "name": "Norfolk Island",
  "country_code": "NF",
  "capital": "Kingston"
  },
  {

  "latlng": [
             10,
             8
             ],
  "name": "Nigeria",
  "country_code": "NG",
  "capital": "Abuja"
  },
  {
 
  "latlng": [
             13,
             -85
             ],
  "name": "Nicaragua",
  "country_code": "NI",
  "capital": "Managua"
  },
  {

  "latlng": [
             -19.03333333,
             -169.86666666
             ],
  "name": "Niue",
  "country_code": "NU",
  "capital": "Alofi"
  },
  {

  "latlng": [
             52.5,
             5.75
             ],
  "name": "Netherlands",
  "country_code": "NL",
  "capital": "Amsterdam"
  },
  {

  "latlng": [
             62,
             10
             ],
  "name": "Norway",
  "country_code": "NO",
  "capital": "Oslo"
  },
  {

  "latlng": [
             28,
             84
             ],
  "name": "Nepal",
  "country_code": "NP",
  "capital": "Kathmandu"
  },
  {

  "latlng": [
             -0.53333333,
             166.91666666
             ],
  "name": "Nauru",
  "country_code": "NR",
  "capital": "Yaren"
  },
  {

  "latlng": [
             -41,
             174
             ],
  "name": "New Zealand",
  "country_code": "NZ",
  "capital": "Wellington"
  },
  {

  "latlng": [
             21,
             57
             ],
  "name": "Oman",
  "country_code": "OM",
  "capital": "Muscat"
  },
  {

  "latlng": [
             30,
             70
             ],
  "name": "Pakistan",
  "country_code": "PK",
  "capital": "Islamabad"
  },
  {

  "latlng": [
             9,
             -80
             ],
  "name": "Panama",
  "country_code": "PA",
  "capital": "Panama City"
  },
  {

  "latlng": [
             -25.06666666,
             -130.1
             ],
  "name": "Pitcairn Islands",
  "country_code": "PN",
  "capital": "Adamstown"
  },
  {

  "latlng": [
             -10,
             -76
             ],
  "name": "Peru",
  "country_code": "PE",
  "capital": "Lima"
  },
  {

  "latlng": [
             13,
             122
             ],
  "name": "Philippines",
  "country_code": "PH",
  "capital": "Manila"
  },
  {

  "latlng": [
             7.5,
             134.5
             ],
  "name": "Palau",
  "country_code": "PW",
  "capital": "Ngerulmud"
  },
  {

  "latlng": [
             -6,
             147
             ],
  "name": "Papua New Guinea",
  "country_code": "PG",
  "capital": "Port Moresby"
  },
  {

  "latlng": [
             52,
             20
             ],
  "name": "Poland",
  "country_code": "PL",
  "capital": "Warsaw"
  },
  {

  "latlng": [
             18.25,
             -66.5
             ],
  "name": "Puerto Rico",
  "country_code": "PR",
  "capital": "San Juan"
  },
  {
 
  "latlng": [
             40,
             127
             ],
  "name": "North Korea",
  "country_code": "KP",
  "capital": "Pyongyang"
  },
  {

  "latlng": [
             39.5,
             -8
             ],
  "name": "Portugal",
  "country_code": "PT",
  "capital": "Lisbon"
  },
  {
 
  "latlng": [
             -23,
             -58
             ],
  "name": "Paraguay",
  "country_code": "PY",
  "capital": "Asunci\u00f3n"
  },
  {

  "latlng": [
             31.9,
             35.2
             ],
  "name": "Palestine",
  "country_code": "PS",
  "capital": "Ramallah"
  },
  {

  "latlng": [
             -15,
             -140
             ],
  "name": "French Polynesia",
  "country_code": "PF",
  "capital": "Papeet\u0113"
  },
  {
 
  "latlng": [
             25.5,
             51.25
             ],
  "name": "Qatar",
  "country_code": "QA",
  "capital": "Doha"
  },
  {

  "latlng": [
             -21.15,
             55.5
             ],
  "name": "R\u00e9union",
  "country_code": "RE",
  "capital": "Saint-Denis"
  },
  {

  "latlng": [
             46,
             25
             ],
  "name": "Romania",
  "country_code": "RO",
  "capital": "Bucharest"
  },
  {

  "latlng": [
             60,
             100
             ],
  "name": "Russia",
  "country_code": "RU",
  "capital": "Moscow"
  },
  {

  "latlng": [
             -2,
             30
             ],
  "name": "Rwanda",
  "country_code": "RW",
  "capital": "Kigali"
  },
  {

  "latlng": [
             25,
             45
             ],
  "name": "Saudi Arabia",
  "country_code": "SA",
  "capital": "Riyadh"
  },
  {

  "latlng": [
             15,
             30
             ],
  "name": "Sudan",
  "country_code": "SD",
  "capital": "Khartoum"
  },
  {
 
  "latlng": [
             14,
             -14
             ],
  "name": "Senegal",
  "country_code": "SN",
  "capital": "Dakar"
  },
  {

  "latlng": [
             1.36666666,
             103.8
             ],
  "name": "Singapore",
  "country_code": "SG",
  "capital": "Singapore"
  },
  {

  "latlng": [
             -54.5,
             -37
             ],
  "name": "South Georgia",
  "country_code": "GS",
  "capital": "King Edward Point"
  },
  {

  "latlng": [
             78,
             20
             ],
  "name": "Svalbard and Jan Mayen",
  "country_code": "SJ",
  "capital": "Longyearbyen"
  },
  {
 
  "latlng": [
             -8,
             159
             ],
  "name": "Solomon Islands",
  "country_code": "SB",
  "capital": "Honiara"
  },
  {

  "latlng": [
             8.5,
             -11.5
             ],
  "name": "Sierra Leone",
  "country_code": "SL",
  "capital": "Freetown"
  },
  {

  "latlng": [
             13.83333333,
             -88.91666666
             ],
  "name": "El Salvador",
  "country_code": "SV",
  "capital": "San Salvador"
  },
  {

  "latlng": [
             43.76666666,
             12.41666666
             ],
  "name": "San Marino",
  "country_code": "SM",
  "capital": "City of San Marino"
  },
  {

  "latlng": [
             10,
             49
             ],
  "name": "Somalia",
  "country_code": "SO",
  "capital": "Mogadishu"
  },
  {

  "latlng": [
             46.83333333,
             -56.33333333
             ],
  "name": "Saint Pierre and Miquelon",
  "country_code": "PM",
  "capital": "Saint-Pierre"
  },
  {

  "latlng": [
             44,
             21
             ],
  "name": "Serbia",
  "country_code": "RS",
  "capital": "Belgrade"
  },
  {

  "latlng": [
             7,
             30
             ],
  "name": "South Sudan",
  "country_code": "SS",
  "capital": "Juba"
  },
  {

  "latlng": [
             1,
             7
             ],
  "name": "S\u00e3o Tom\u00e9 and Pr\u00edncipe",
  "country_code": "ST",
  "capital": "S\u00e3o Tom\u00e9"
  },
  {

  "latlng": [
             4,
             -56
             ],
  "name": "Suriname",
  "country_code": "SR",
  "capital": "Paramaribo"
  },
  {

  "latlng": [
             48.66666666,
             19.5
             ],
  "name": "Slovakia",
  "country_code": "SK",
  "capital": "Bratislava"
  },
  {
 
  "latlng": [
             46.11666666,
             14.81666666
             ],
  "name": "Slovenia",
  "country_code": "SI",
  "capital": "Ljubljana"
  },
  {

  "latlng": [
             62,
             15
             ],
  "name": "Sweden",
  "country_code": "SE",
  "capital": "Stockholm"
  },
  {

  "latlng": [
             -26.5,
             31.5
             ],
  "name": "Swaziland",
  "country_code": "SZ",
  "capital": "Lobamba"
  },
  {

  "latlng": [
             18.033333,
             -63.05
             ],
  "name": "Sint Maarten",
  "country_code": "SX",
  "capital": "Philipsburg"
  },
  {

  "latlng": [
             -4.58333333,
             55.66666666
             ],
  "name": "Seychelles",
  "country_code": "SC",
  "capital": "Victoria"
  },
  {

  "latlng": [
             35,
             38
             ],
  "name": "Syria",
  "country_code": "SY",
  "capital": "Damascus"
  },
  {
 
  "latlng": [
             21.75,
             -71.58333333
             ],
  "name": "Turks and Caicos Islands",
  "country_code": "TC",
  "capital": "Cockburn Town"
  },
  {
  
  "latlng": [
             15,
             19
             ],
  "name": "Chad",
  "country_code": "TD",
  "capital": "N'Djamena"
  },
  {
 
  "latlng": [
             8,
             1.16666666
             ],
  "name": "Togo",
  "country_code": "TG",
  "capital": "Lom\u00e9"
  },
  {
  
  "latlng": [
             15,
             100
             ],
  "name": "Thailand",
  "country_code": "TH",
  "capital": "Bangkok"
  },
  {
  
  "latlng": [
             39,
             71
             ],
  "name": "Tajikistan",
  "country_code": "TJ",
  "capital": "Dushanbe"
  },
  {
  
  "latlng": [
             -9,
             -172
             ],
  "name": "Tokelau",
  "country_code": "TK",
  "capital": "Fakaofo"
  },
  {
  
  "latlng": [
             40,
             60
             ],
  "name": "Turkmenistan",
  "country_code": "TM",
  "capital": "Ashgabat"
  },
  {
  
  "latlng": [
             -8.83333333,
             125.91666666
             ],
  "name": "Timor-Leste",
  "country_code": "TL",
  "capital": "Dili"
  },
  {
  
  "latlng": [
             -20,
             -175
             ],
  "name": "Tonga",
  "country_code": "TO",
  "capital": "Nuku'alofa"
  },
  {
  
  "latlng": [
             11,
             -61
             ],
  "name": "Trinidad and Tobago",
  "country_code": "TT",
  "capital": "Port of Spain"
  },
  {
  
  "latlng": [
             34,
             9
             ],
  "name": "Tunisia",
  "country_code": "TN",
  "capital": "Tunis"
  },
  {
  
  "latlng": [
             39,
             35
             ],
  "name": "Turkey",
  "country_code": "TR",
  "capital": "Ankara"
  },
  {
  
  "latlng": [
             -8,
             178
             ],
  "name": "Tuvalu",
  "country_code": "TV",
  "capital": "Funafuti"
  },
  {
  
  "latlng": [
             23.5,
             121
             ],
  "name": "Taiwan",
  "country_code": "TW",
  "capital": "Taipei"
  },
  {
  
  "latlng": [
             -6,
             35
             ],
  "name": "Tanzania",
  "country_code": "TZ",
  "capital": "Dodoma"
  },
  {
  
  "latlng": [
             1,
             32
             ],
  "name": "Uganda",
  "country_code": "UG",
  "capital": "Kampala"
  },
  {
  
  "latlng": [
             49,
             32
             ],
  "name": "Ukraine",
  "country_code": "UA",
  "capital": "Kiev"
  },
  {
  
  "latlng": [
             19.2911437,
             166.618332
             ],
  "name": "United States Minor Outlying Islands",
  "country_code": "UM",
  "capital": null
  },
  {
  
  "latlng": [
             -33,
             -56
             ],
  "name": "Uruguay",
  "country_code": "UY",
  "capital": "Montevideo"
  },
  {
  
  "latlng": [
             38,
             -97
             ],
  "name": "United States",
  "country_code": "US",
  "capital": "Washington D.C."
  },
  {
 
  "latlng": [
             41,
             64
             ],
  "name": "Uzbekistan",
  "country_code": "UZ",
  "capital": "Tashkent"
  },
  {
  
  "latlng": [
             41.9,
             12.45
             ],
  "name": "Vatican City",
  "country_code": "VA",
  "capital": "Vatican City"
  },
  {
  
  "latlng": [
             13.25,
             -61.2
             ],
  "name": "Saint Vincent and the Grenadines",
  "country_code": "VC",
  "capital": "Kingstown"
  },
  {
  
  "latlng": [
             8,
             -66
             ],
  "name": "Venezuela",
  "country_code": "VE",
  "capital": "Caracas"
  },
  {
  
  "latlng": [
             18.431383,
             -64.62305
             ],
  "name": "British Virgin Islands",
  "country_code": "VG",
  "capital": "Road Town"
  },
  {
  
  "latlng": [
             18.35,
             -64.933333
             ],
  "name": "United States Virgin Islands",
  "country_code": "VI",
  "capital": "Charlotte Amalie"
  },
  {
  
  "latlng": [
             16.16666666,
             107.83333333
             ],
  "name": "Vietnam",
  "country_code": "VN",
  "capital": "Hanoi"
  },
  {
  
  "latlng": [
             -16,
             167
             ],
  "name": "Vanuatu",
  "country_code": "VU",
  "capital": "Port Vila"
  },
  {
  
  "latlng": [
             -13.3,
             -176.2
             ],
  "name": "Wallis and Futuna",
  "country_code": "WF",
  "capital": "Mata-Utu"
  },
  {
  
  "latlng": [
             -13.58333333,
             -172.33333333
             ],
  "name": "Samoa",
  "country_code": "WS",
  "capital": "Apia"
  },
  {
  
  "latlng": [
             15,
             48
             ],
  "name": "Yemen",
  "country_code": "YE",
  "capital": "Sana'a"
  },
  {
  
  "latlng": [
             -29,
             24
             ],
  "name": "South Africa",
  "country_code": "ZA",
  "capital": "Pretoria"
  },
  {
  
  "latlng": [
             -15,
             30
             ],
  "name": "Zambia",
  "country_code": "ZM",
  "capital": "Lusaka"
  },
  {
  
  "latlng": [
             -20,
             30
             ],
  "name": "Zimbabwe",
  "country_code": "ZW",
  "capital": "Harare"
  }
  ]
}
